name,link
MobaPay,https://www.mobapay.com
VocaGame,https://vocagame.com
UniPin,https://www.unipin.com
Razer Gold,https://gold.razer.com
JollyMax,https://www.jollymax.com
KachiShop,https://www.kachishop.com
Codashop,https://codashop.com
SEAGM,https://www.seagm.com
LapakGaming,https://www.lapakgaming.com?utm_campaign=tokotopupgame&utm_source=Affiliate&utm_medium=LGA
Joytify,https://www.joytify.com?utm_campaign=tokotopupgame&utm_source=Affiliate&utm_medium=LGA
Buylink,https://buylink.id/zany
GameSquad,https://zany.gamesquad.id
Grosir Topup,https://zany.grosirtopup.com
Itemku,https://itemku.com
Dunia Games,https://duniagames.co.id
VCGamers,https://s.vcgamers.com/D96kX_Oz1kP7O_H
Topup Disini,https://www.topupdisini.id/zanytopup
EVOS TOP UP,https://evostopup.gg
RADJATOPUP.ID,https://www.radjatopup.id/id-id
Kepo.id,https://www.kepo.id
OURASTORE,https://www.ourastore.com/id-id
lapakhuda,https://lapakhuda.com

